-- Halls
insert into halls (number, capacity, screen_type)
values (1, 143, '3D');
insert into halls (number, capacity, screen_type)
values (2, 91, 'IMAX 3D');
insert into halls (number, capacity, screen_type)
values (3, 149, '2D');
insert into halls (number, capacity, screen_type)
values (4, 49, '2D');
insert into halls (number, capacity, screen_type)
values (5, 38, '3D');
insert into halls (number, capacity, screen_type)
values (6, 58, '3D');
insert into halls (number, capacity, screen_type)
values (7, 148, 'IMAX 3D');
insert into halls (number, capacity, screen_type)
values (8, 91, '2D');
insert into halls (number, capacity, screen_type)
values (9, 54, '2D');
insert into halls (number, capacity, screen_type)
values (10, 85, 'IMAX 3D');
insert into halls (number, capacity, screen_type)
values (11, 136, '3D');
insert into halls (number, capacity, screen_type)
values (12, 113, 'IMAX 3D');
insert into halls (number, capacity, screen_type)
values (13, 56, '3D');
insert into halls (number, capacity, screen_type)
values (14, 48, 'IMAX 3D');
insert into halls (number, capacity, screen_type)
values (15, 85, '2D');

--Movies
insert into movies (name, year, age_category, length_mins, category, director, country)
values ('Luck by Chance', 1996, 'C', 60, 'Drama', 'Bron Balshaw', 'PT');
insert into movies (name, year, age_category, length_mins, category, director, country)
values ('Faces of Death 6', 1966, 'E', 157, 'Documentary|Horror', 'Tildie Askam', 'US');
insert into movies (name, year, age_category, length_mins, category, director, country)
values ('Ricky Rapper and the Bicycle Thief (Risto Räppääjä ja polkupyörävaras)', 2011, 'F', 174,
        'Children|Comedy|Musical', 'Clovis Shiels', 'CO');
insert into movies (name, year, age_category, length_mins, category, director, country)
values ('Catch-22', 2005, 'C', 167, 'Comedy|War', 'Kassey Thorp', 'CA');
insert into movies (name, year, age_category, length_mins, category, director, country)
values ('Fist of Legend (Jing wu ying xiong)', 2000, 'D', 108, 'Action|Drama', 'Turner Piecha', 'PA');
insert into movies (name, year, age_category, length_mins, category, director, country)
values ('Triumph of the Spirit', 2007, 'A', 139, 'Drama', 'Bernetta Luce', 'CA');
insert into movies (name, year, age_category, length_mins, category, director, country)
values ('Lord of the Rings: The Fellowship of the Ring, The', 1993, 'D', 157, 'Adventure|Fantasy', 'Tabb Jacqueminot',
        'CN');
insert into movies (name, year, age_category, length_mins, category, director, country)
values ('Berlin Alexanderplatz', 2009, 'A', 86, 'Drama', 'Angele Dear', 'AU');
insert into movies (name, year, age_category, length_mins, category, director, country)
values ('The 3 Rs', 2007, 'E', 100, '(no genres listed)', 'Farlie McDade', 'ZM');
insert into movies (name, year, age_category, length_mins, category, director, country)
values ('Antonio das Mortes (O Dragão da Maldade contra o Santo Guerreiro)', 2007, 'D', 157, 'Drama|Western',
        'Gabrila Keaton', 'LR');
insert into movies (name, year, age_category, length_mins, category, director, country)
values ('Ultimate Gift, The', 2002, 'A', 87, 'Drama', 'Luise Kalaher', 'AU');
insert into movies (name, year, age_category, length_mins, category, director, country)
values ('Court Jester, The', 2008, 'F', 190, 'Adventure|Comedy|Musical', 'Gian Meugens', 'US');
insert into movies (name, year, age_category, length_mins, category, director, country)
values ('Up Periscope', 2002, 'F', 196, 'Action|Drama|War', 'Tildy McGuffog', 'AU');
insert into movies (name, year, age_category, length_mins, category, director, country)
values ('Last Time I Saw Paris, The', 2010, 'E', 119, 'Drama', 'Hubie McEvon', 'LK');
insert into movies (name, year, age_category, length_mins, category, director, country)
values ('Born in East L.A.', 1997, 'F', 133, 'Comedy', 'Rebbecca Henrion', 'RS');
insert into movies (name, year, age_category, length_mins, category, director, country)
values ('Drunks', 2009, 'D', 74, 'Drama', 'Fayre Licciardello', 'VN');
insert into movies (name, year, age_category, length_mins, category, director, country)
values ('Disorderly Orderly, The', 2001, 'D', 100, 'Comedy|Romance', 'Mendy Pirolini', 'GB');
insert into movies (name, year, age_category, length_mins, category, director, country)
values ('Japanese Summer: Double Suicide (Muri shinjû: Nihon no natsu)', 2009, 'E', 94, 'Crime|Drama', 'Chaddy Dosdill',
        'RU');
insert into movies (name, year, age_category, length_mins, category, director, country)
values ('Expired', 1998, 'A', 185, 'Comedy|Drama|Romance', 'Seth Okeshott', 'US');
insert into movies (name, year, age_category, length_mins, category, director, country)
values ('On the Road to Emmaus (Emmauksen tiellä)', 1994, 'B', 127, 'Comedy|Drama|Musical', 'Malvin Izatson', 'NC');
insert into movies (name, year, age_category, length_mins, category, director, country)
values ('Eden Is West (Eden à l''Ouest)', 1992, 'B', 47, 'Drama', 'Xaviera Cuxon', 'TH');
insert into movies (name, year, age_category, length_mins, category, director, country)
values ('Transcendent Man', 2009, 'F', 108, 'Documentary', 'Maia Abrahamovitz', 'RU');
insert into movies (name, year, age_category, length_mins, category, director, country)
values ('Studentfesten', 2012, 'B', 82, 'Comedy', 'Griff Trineman', 'US');
insert into movies (name, year, age_category, length_mins, category, director, country)
values ('That''s Life', 2003, 'C', 150, 'Comedy', 'Tommy Abreheart', 'GB');
insert into movies (name, year, age_category, length_mins, category, director, country)
values ('Flu Bird', 1993, 'F', 157, 'Horror', 'Corbet Hospital', 'MH');
insert into movies (name, year, age_category, length_mins, category, director, country)
values ('Sonny', 1991, 'B', 186, 'Crime|Drama', 'Aurlie Pennick', 'AU');
insert into movies (name, year, age_category, length_mins, category, director, country)
values ('Awful Dr. Orlof, The (Gritos en la Noche)', 2010, 'D', 177, 'Horror|Thriller', 'Kiah Lefeaver', 'PG');
insert into movies (name, year, age_category, length_mins, category, director, country)
values ('Truth or Consequences, N.M.', 2012, 'B', 57, 'Action|Crime|Romance', 'Danielle Boays', 'AU');
insert into movies (name, year, age_category, length_mins, category, director, country)
values ('Four Brothers', 1963, 'B', 164, 'Action|Crime|Drama', 'Sergent While', 'BR');
insert into movies (name, year, age_category, length_mins, category, director, country)
values ('Mount St. Elias', 2001, 'B', 116, 'Documentary', 'Madelyn Count', 'CO');
insert into movies (name, year, age_category, length_mins, category, director, country)
values ('Habana Blues', 1984, 'B', 77, 'Drama|Musical', 'Ericka Somerscales', 'AU');
insert into movies (name, year, age_category, length_mins, category, director, country)
values ('Nils Karlsson Pyssling', 2002, 'E', 142, 'Children', 'Rutter Studdeard', 'DE');
insert into movies (name, year, age_category, length_mins, category, director, country)
values ('Mill and the Cross, The', 2012, 'D', 48, 'Drama', 'Babette Asquez', 'VE');
insert into movies (name, year, age_category, length_mins, category, director, country)
values ('Yu-Gi-Oh!', 2011, 'E', 134, 'Animation', 'Erv Fleming', 'ID');
insert into movies (name, year, age_category, length_mins, category, director, country)
values ('Sex and Death 101', 1988, 'E', 158, 'Comedy|Drama', 'Erena Rodgman', 'MN');
insert into movies (name, year, age_category, length_mins, category, director, country)
values ('Asthenic Syndrome, The (Astenicheskiy sindrom)', 2001, 'B', 171, 'Drama', 'Fidelity Taffurelli', 'CO');
insert into movies (name, year, age_category, length_mins, category, director, country)
values ('Uwasa No Onna (The Woman in the Rumor) (Her Mother''s Profession)', 2002, 'A', 170, 'Drama|Romance',
        'Carine Bourbon', 'AU');
insert into movies (name, year, age_category, length_mins, category, director, country)
values ('I Origins', 2008, 'A', 184, 'Drama|Sci-Fi', 'Jillane Americi', 'KH');
insert into movies (name, year, age_category, length_mins, category, director, country)
values ('Dry Summer (Susuz yaz) (Reflections)', 2007, 'D', 122, 'Drama', 'Colet Tropman', 'SE');
insert into movies (name, year, age_category, length_mins, category, director, country)
values ('China 9, Liberty 37 (Amore, piombo e furore)', 1989, 'F', 168, 'Western', 'Margie Kenryd', 'AU');
insert into movies (name, year, age_category, length_mins, category, director, country)
values ('Mirror, The (Ayneh)', 1995, 'B', 170, 'Drama', 'Bernelle Crownshaw', 'AU');
insert into movies (name, year, age_category, length_mins, category, director, country)
values ('Wavelength', 1995, 'E', 139, 'Drama', 'Winonah Beckinsale', 'US');
insert into movies (name, year, age_category, length_mins, category, director, country)
values ('Red Beard (Akahige)', 2011, 'B', 185, 'Drama', 'Janessa Crannis', 'US');
insert into movies (name, year, age_category, length_mins, category, director, country)
values ('Dream Wife', 2005, 'E', 192, 'Comedy|Romance', 'Bartlett Drewell', 'BD');
insert into movies (name, year, age_category, length_mins, category, director, country)
values ('Albino Alligator', 1993, 'F', 95, 'Crime|Thriller', 'Vivia Cleere', 'PH');
insert into movies (name, year, age_category, length_mins, category, director, country)
values ('Small Change (Argent de poche, L'')', 1990, 'C', 141, 'Comedy|Drama', 'Taddeo Goreway', 'MG');
insert into movies (name, year, age_category, length_mins, category, director, country)
values ('Troop Beverly Hills', 2007, 'B', 123, 'Comedy', 'Branden Easum', 'US');
insert into movies (name, year, age_category, length_mins, category, director, country)
values ('Lifted', 2012, 'D', 168, 'Animation|Comedy|Sci-Fi', 'Karlie Grunnill', 'AU');
insert into movies (name, year, age_category, length_mins, category, director, country)
values ('Alamo, The', 1988, 'B', 92, 'Drama|War|Western', 'Darya Dumbleton', 'US');
insert into movies (name, year, age_category, length_mins, category, director, country)
values ('Romance', 1995, 'A', 97, 'Drama|Romance', 'Guinna Jeggo', 'FR');
insert into movies (name, year, age_category, length_mins, category, director, country)
values ('Shadows (Cienie)', 2012, 'A', 93, 'Drama', 'Horten Steuhlmeyer', 'LR');
insert into movies (name, year, age_category, length_mins, category, director, country)
values ('Zombie Girl: The Movie', 2008, 'A', 129, 'Documentary', 'Madelle Eneas', 'AU');
insert into movies (name, year, age_category, length_mins, category, director, country)
values ('American Addict', 2008, 'B', 86, 'Documentary', 'Berri Hamshaw', 'KE');
insert into movies (name, year, age_category, length_mins, category, director, country)
values ('Paris Belongs to Us (Paris nous appartient)', 2004, 'E', 119, 'Mystery', 'Cordula Moogan', 'US');
insert into movies (name, year, age_category, length_mins, category, director, country)
values ('My Old Lady', 1994, 'D', 140, 'Comedy|Drama', 'Mona Scocroft', 'AU');
insert into movies (name, year, age_category, length_mins, category, director, country)
values ('Poker Club, The', 1991, 'C', 54, 'Crime|Drama|Thriller', 'Ellene Hauger', 'PG');
insert into movies (name, year, age_category, length_mins, category, director, country)
values ('Aya of Yop City', 2004, 'A', 137, 'Animation|Comedy', 'Arlin Bernli', 'IR');
insert into movies (name, year, age_category, length_mins, category, director, country)
values ('Three Came Home', 2011, 'A', 194, 'Drama|War', 'Thoma Blakes', 'US');
insert into movies (name, year, age_category, length_mins, category, director, country)
values ('I Married a Witch', 1997, 'D', 74, 'Comedy|Fantasy|Romance', 'Karoline Jovey', 'CO');
insert into movies (name, year, age_category, length_mins, category, director, country)
values ('Adventures of Ichabod and Mr. Toad, The', 1999, 'F', 165, 'Animation|Children', 'Sharlene Bakhrushkin', 'US');
insert into movies (name, year, age_category, length_mins, category, director, country)
values ('Delicacy (La délicatesse)', 1997, 'C', 175, 'Comedy|Romance', 'Dall Madoc-Jones', 'MA');
insert into movies (name, year, age_category, length_mins, category, director, country)
values ('Cashback', 1994, 'C', 48, 'Comedy|Drama|Romance', 'Garland Cabrales', 'NA');
insert into movies (name, year, age_category, length_mins, category, director, country)
values ('Penitentiary', 1986, 'F', 139, 'Drama', 'Emilee Arpur', 'US');
insert into movies (name, year, age_category, length_mins, category, director, country)
values ('Breakout', 2004, 'C', 113, 'Action', 'Moreen St Louis', 'US');
insert into movies (name, year, age_category, length_mins, category, director, country)
values ('Sirens', 1993, 'A', 48, 'Drama', 'Camella Heasman', 'US');
insert into movies (name, year, age_category, length_mins, category, director, country)
values ('Death Note', 2004, 'F', 154, 'Adventure|Crime|Drama|Horror|Mystery', 'Antonie Le Prevost', 'CF');
insert into movies (name, year, age_category, length_mins, category, director, country)
values ('Bright Victory', 2001, 'D', 163, 'Drama', 'Fanni Oakenfall', 'MX');
insert into movies (name, year, age_category, length_mins, category, director, country)
values ('On the Beach', 1996, 'B', 95, 'Drama|Sci-Fi', 'Morissa Guitel', 'US');
insert into movies (name, year, age_category, length_mins, category, director, country)
values ('David Cross: Bigger & Blackerer', 2003, 'E', 107, 'Comedy|Documentary', 'Ralph Tetley', 'PG');
insert into movies (name, year, age_category, length_mins, category, director, country)
values ('Goodbye, Mr. Chips', 2003, 'F', 109, 'Drama|Musical|Romance', 'Arty Tungay', 'AO');
insert into movies (name, year, age_category, length_mins, category, director, country)
values ('Pete Kelly''s Blues', 1995, 'B', 127, 'Crime|Drama', 'Drucie Samuel', 'US');
insert into movies (name, year, age_category, length_mins, category, director, country)
values ('On the Job', 2012, 'F', 163, 'Action|Drama', 'Caresse Mabbot', 'CA');
insert into movies (name, year, age_category, length_mins, category, director, country)
values ('Moral Tales, Filmic Issues', 2001, 'B', 161, 'Documentary', 'Gerrilee Lambal', 'AU');
insert into movies (name, year, age_category, length_mins, category, director, country)
values ('Since You Went Away', 2002, 'F', 146, 'Drama|War', 'Arnuad Coke', 'IR');
insert into movies (name, year, age_category, length_mins, category, director, country)
values ('Fortress', 1997, 'E', 148, 'Action|Thriller', 'Magnum Romaynes', 'US');
insert into movies (name, year, age_category, length_mins, category, director, country)
values ('Bad Girl', 2003, 'B', 67, 'Drama', 'Lyman Gebhard', 'HN');
insert into movies (name, year, age_category, length_mins, category, director, country)
values ('I Like It Like That', 1996, 'F', 99, 'Comedy|Drama|Romance', 'Moria O Mullen', 'SR');
insert into movies (name, year, age_category, length_mins, category, director, country)
values ('Game 6', 2005, 'B', 183, 'Comedy|Drama', 'Gratiana Woollin', 'AU');
insert into movies (name, year, age_category, length_mins, category, director, country)
values ('Thing, The', 1999, 'A', 47, 'Horror|Mystery|Sci-Fi|Thriller', 'Zacharia Scamadin', 'FR');
insert into movies (name, year, age_category, length_mins, category, director, country)
values ('Oh, Sun (Soleil O)', 2006, 'E', 194, 'Drama', 'Sammie Noades', 'CG');
insert into movies (name, year, age_category, length_mins, category, director, country)
values ('San Pietro', 1967, 'E', 104, 'Documentary|War', 'Noemi Ibel', 'DJ');
insert into movies (name, year, age_category, length_mins, category, director, country)
values ('Louise Brooks: Looking for Lulu', 2011, 'C', 105, 'Documentary', 'Dot Santorini', 'US');
insert into movies (name, year, age_category, length_mins, category, director, country)
values ('Last Summer of La Boyita, The (El último verano de la Boyita)', 2009, 'F', 178, 'Drama', 'Abran Lawful', 'IN');
insert into movies (name, year, age_category, length_mins, category, director, country)
values ('Cyrus', 1997, 'E', 78, 'Comedy|Drama|Romance', 'Danell Gaffney', 'EC');
insert into movies (name, year, age_category, length_mins, category, director, country)
values ('Ice Age 2: The Meltdown', 2009, 'F', 89, 'Adventure|Animation|Children|Comedy', 'Dorothee Gatchel', 'FM');
insert into movies (name, year, age_category, length_mins, category, director, country)
values ('Campaign, The', 2005, 'B', 106, 'Comedy', 'Ninette Bedwell', 'US');
insert into movies (name, year, age_category, length_mins, category, director, country)
values ('Aaja Nachle', 1992, 'F', 101, 'Comedy|Musical|Romance', 'Rudy Faiers', 'LK');
insert into movies (name, year, age_category, length_mins, category, director, country)
values ('Tell It to the Marines', 1996, 'B', 149, 'Comedy|Drama|Romance|War', 'Erina Bauldrey', 'LY');
insert into movies (name, year, age_category, length_mins, category, director, country)
values ('My Son the Fanatic', 1999, 'F', 103, 'Comedy|Drama|Romance', 'Fleming Petegree', 'US');
insert into movies (name, year, age_category, length_mins, category, director, country)
values ('Fort Apache, the Bronx', 2008, 'A', 45, 'Action|Drama', 'Kalli Stodit', 'US');
insert into movies (name, year, age_category, length_mins, category, director, country)
values ('In Gold We Trust (600 kilos d''or pur)', 1984, 'E', 125, 'Adventure', 'Ezequiel Jest', 'US');
insert into movies (name, year, age_category, length_mins, category, director, country)
values ('Silentium', 2012, 'F', 66, 'Crime|Thriller', 'Vincenty Kobierski', 'GB');
insert into movies (name, year, age_category, length_mins, category, director, country)
values ('Messengers, The', 2009, 'A', 63, 'Drama|Horror|Thriller', 'Dru Royle', 'AU');
insert into movies (name, year, age_category, length_mins, category, director, country)
values ('Female Agents (Les femmes de l''ombre)', 1995, 'B', 175, 'Drama|War', 'Wilmer Screas', 'TN');
insert into movies (name, year, age_category, length_mins, category, director, country)
values ('Swan Princess: The Mystery of the Enchanted Treasure, The', 1968, 'B', 143,
        'Animation|Children|Fantasy|Mystery', 'Francene Scargill', 'RU');
insert into movies (name, year, age_category, length_mins, category, director, country)
values ('Do You Like Hitchcock? (Ti piace Hitchcock?)', 1985, 'A', 109, 'Horror|Mystery|Thriller', 'Rochella O''Dwyer',
        'MG');
insert into movies (name, year, age_category, length_mins, category, director, country)
values ('Age of Stupid, The', 2000, 'A', 110, 'Documentary', 'Cris Bone', 'IN');
insert into movies (name, year, age_category, length_mins, category, director, country)
values ('Santa Clause 3: The Escape Clause, The', 2012, 'C', 63, 'Comedy|Fantasy', 'Wallache Tremberth', 'US');
insert into movies (name, year, age_category, length_mins, category, director, country)
values ('Tom and Jerry: A Nutcracker Tale', 1993, 'D', 191, 'Animation|Comedy', 'Rochester Mousby', 'NO');
insert into movies (name, year, age_category, length_mins, category, director, country)
values ('Metallica: Through the Never', 2005, 'C', 166, 'Action|Musical|IMAX', 'Trstram Stirtle', 'AU');

--Users
insert into users (id, name, surname, age, email)
values (5806, 'Waly', 'Toombs', 29, 'wtoombs0@hao123.com');
insert into users (id, name, surname, age, email)
values (1339, 'Kory', 'Yann', 31, 'kyann1@google.com.br');
insert into users (id, name, surname, age, email)
values (9909, 'Giorgia', 'Lovart', 25, 'glovart2@cbc.ca');
insert into users (id, name, surname, age, email)
values (1166, 'Uriah', 'Tregiddo', 39, 'utregiddo3@free.fr');
insert into users (id, name, surname, age, email)
values (6102, 'Aveline', 'Millington', 74, 'amillington4@artisteer.com');
insert into users (id, name, surname, age, email)
values (3924, 'Traver', 'Condell', 72, 'tcondell5@ftc.gov');
insert into users (id, name, surname, age, email)
values (3722, 'Sarette', 'Attew', 60, 'sattew6@hibu.com');
insert into users (id, name, surname, age, email)
values (6097, 'Eldredge', 'Michurin', 19, 'emichurin7@nyu.edu');
insert into users (id, name, surname, age, email)
values (614, 'Hinze', 'Beetles', 15, 'hbeetles8@bizjournals.com');
insert into users (id, name, surname, age, email)
values (2564, 'Roze', 'Lethieulier', 7, 'rlethieulier9@google.it');
insert into users (id, name, surname, age, email)
values (7004, 'Daisy', 'Gouth', 62, 'dgoutha@oakley.com');
insert into users (id, name, surname, age, email)
values (4129, 'Carlie', 'Croall', 62, 'ccroallb@nih.gov');
insert into users (id, name, surname, age, email)
values (1602, 'Corbett', 'Edgler', 40, 'cedglerc@netvibes.com');
insert into users (id, name, surname, age, email)
values (8030, 'Abel', 'Scrivner', 60, 'ascrivnerd@examiner.com');
insert into users (id, name, surname, age, email)
values (2473, 'Juieta', 'Delion', 23, 'jdelione@cbsnews.com');
insert into users (id, name, surname, age, email)
values (8632, 'Gardie', 'Fenny', 18, 'gfennyf@google.de');
insert into users (id, name, surname, age, email)
values (4487, 'Boigie', 'Wreath', 25, 'bwreathg@youtube.com');
insert into users (id, name, surname, age, email)
values (3700, 'Anette', 'Cowle', 54, 'acowleh@devhub.com');
insert into users (id, name, surname, age, email)
values (5582, 'Ameline', 'Howells', 44, 'ahowellsi@com.com');
insert into users (id, name, surname, age, email)
values (7219, 'Scottie', 'Miliffe', 9, 'smiliffej@example.com');
insert into users (id, name, surname, age, email)
values (7165, 'Cindie', 'Slimon', 14, 'cslimonk@amazon.com');
insert into users (id, name, surname, age, email)
values (7696, 'Cecil', 'Bosward', 29, 'cboswardl@woothemes.com');
insert into users (id, name, surname, age, email)
values (6093, 'Dionis', 'Diggle', 75, 'ddigglem@example.com');
insert into users (id, name, surname, age, email)
values (7154, 'Joline', 'Regler', 12, 'jreglern@devhub.com');
insert into users (id, name, surname, age, email)
values (3064, 'Tedda', 'Landells', 56, 'tlandellso@ameblo.jp');
insert into users (id, name, surname, age, email)
values (8005, 'Franky', 'Lacroux', 70, 'flacrouxp@ihg.com');
insert into users (id, name, surname, age, email)
values (2812, 'Ilsa', 'Tivenan', 36, 'itivenanq@simplemachines.org');
insert into users (id, name, surname, age, email)
values (1711, 'Oona', 'Tidgewell', 39, 'otidgewellr@rakuten.co.jp');
insert into users (id, name, surname, age, email)
values (791, 'Matteo', 'Myhill', 48, 'mmyhills@nifty.com');
insert into users (id, name, surname, age, email)
values (1354, 'Nickie', 'Lamport', 17, 'nlamportt@live.com');
insert into users (id, name, surname, age, email)
values (7842, 'Fancie', 'M''cowis', 58, 'fmcowisu@blinklist.com');
insert into users (id, name, surname, age, email)
values (8044, 'Paxton', 'Flanigan', 36, 'pflaniganv@eepurl.com');
insert into users (id, name, surname, age, email)
values (9081, 'Sly', 'Mathieson', 73, 'smathiesonw@phoca.cz');
insert into users (id, name, surname, age, email)
values (3513, 'Farrah', 'Moland', 34, 'fmolandy@biblegateway.com');
insert into users (id, name, surname, age, email)
values (5667, 'Janina', 'Kassel', 74, 'jkasselz@howstuffworks.com');
insert into users (id, name, surname, age, email)
values (483, 'Chloe', 'Lavigne', 74, 'clavigne10@webmd.com');
insert into users (id, name, surname, age, email)
values (4445, 'Eleonora', 'Senechault', 65, 'esenechault11@wsj.com');
insert into users (id, name, surname, age, email)
values (1975, 'Gerda', 'Kleingrub', 28, 'gkleingrub12@is.gd');
insert into users (id, name, surname, age, email)
values (7454, 'Chad', 'Lempke', 70, 'clempke13@gov.uk');
insert into users (id, name, surname, age, email)
values (6034, 'Simone', 'Westwell', 38, 'swestwell14@google.co.jp');
insert into users (id, name, surname, age, email)
values (8067, 'Martynne', 'Phillput', 10, 'mphillput15@ehow.com');
insert into users (id, name, surname, age, email)
values (3701, 'Roz', 'Killoran', 63, 'rkilloran16@google.ru');
insert into users (id, name, surname, age, email)
values (4936, 'Lauritz', 'Brockway', 58, 'lbrockway17@soundcloud.com');
insert into users (id, name, surname, age, email)
values (7209, 'Alfonse', 'Northeast', 68, 'anortheast18@tiny.cc');
insert into users (id, name, surname, age, email)
values (6997, 'Ranice', 'Gudgin', 66, 'rgudgin19@freewebs.com');
insert into users (id, name, surname, age, email)
values (5973, 'Silvain', 'McAnulty', 65, 'smcanulty1a@slashdot.org');
insert into users (id, name, surname, age, email)
values (8564, 'Cherrita', 'Pedel', 49, 'cpedel1b@spotify.com');
insert into users (id, name, surname, age, email)
values (1411, 'Travis', 'Tuff', 55, 'ttuff1c@hp.com');
insert into users (id, name, surname, age, email)
values (7248, 'Hayley', 'Whisby', 43, 'hwhisby1d@ifeng.com');
insert into users (id, name, surname, age, email)
values (5111, 'Curtice', 'Stonall', 60, 'cstonall1e@adobe.com');
insert into users (id, name, surname, age, email)
values (4634, 'Marietta', 'Parnby', 56, 'mparnby1f@linkedin.com');
insert into users (id, name, surname, age, email)
values (74, 'Chicky', 'Limbrick', 61, 'climbrick1g@freewebs.com');
insert into users (id, name, surname, age, email)
values (6660, 'Blanche', 'Appleyard', 70, 'bappleyard1h@theatlantic.com');
insert into users (id, name, surname, age, email)
values (6845, 'Franklyn', 'Konzelmann', 28, 'fkonzelmann1i@soundcloud.com');
insert into users (id, name, surname, age, email)
values (7469, 'Spike', 'Reynold', 56, 'sreynold1j@jalbum.net');
insert into users (id, name, surname, age, email)
values (7060, 'Neila', 'Kroin', 62, 'nkroin1k@clickbank.net');
insert into users (id, name, surname, age, email)
values (1800, 'Base', 'Frangleton', 69, 'bfrangleton1l@mediafire.com');
insert into users (id, name, surname, age, email)
values (730, 'Valaria', 'Dockree', 63, 'vdockree1m@archive.org');
insert into users (id, name, surname, age, email)
values (8285, 'Drucill', 'Willets', 41, 'dwillets1n@behance.net');
insert into users (id, name, surname, age, email)
values (5473, 'Deidre', 'Fortoun', 66, 'dfortoun1o@webeden.co.uk');
insert into users (id, name, surname, age, email)
values (1225, 'Carissa', 'Slowley', 60, 'cslowley1p@opera.com');
insert into users (id, name, surname, age, email)
values (862, 'Gizela', 'Checo', 27, 'gcheco1q@ifeng.com');
insert into users (id, name, surname, age, email)
values (2978, 'Melodie', 'Wynrehame', 17, 'mwynrehame1r@canalblog.com');
insert into users (id, name, surname, age, email)
values (2715, 'Marie', 'Ricardot', 52, 'mricardot1s@xrea.com');
insert into users (id, name, surname, age, email)
values (4816, 'Kay', 'Bensen', 12, 'kbensen1t@hc360.com');
insert into users (id, name, surname, age, email)
values (3906, 'Kathryne', 'Bever', 16, 'kbever1u@cnbc.com');
insert into users (id, name, surname, age, email)
values (2514, 'Adore', 'Slyman', 14, 'aslyman1v@people.com.cn');
insert into users (id, name, surname, age, email)
values (721, 'Gilles', 'Byfield', 30, 'gbyfield1w@cbc.ca');
insert into users (id, name, surname, age, email)
values (4955, 'Sheilah', 'Gaddas', 70, 'sgaddas1x@networkadvertising.org');
insert into users (id, name, surname, age, email)
values (9746, 'Keelia', 'Oldrey', 62, 'koldrey1y@cnbc.com');
insert into users (id, name, surname, age, email)
values (9183, 'Salomo', 'Klaes', 54, 'sklaes1z@china.com.cn');
insert into users (id, name, surname, age, email)
values (7846, 'Benjie', 'Guidera', 38, 'bguidera20@rambler.ru');
insert into users (id, name, surname, age, email)
values (3400, 'Orson', 'Empringham', 28, 'oempringham21@globo.com');
insert into users (id, name, surname, age, email)
values (6800, 'Mill', 'Navarijo', 6, 'mnavarijo22@canalblog.com');
insert into users (id, name, surname, age, email)
values (5137, 'Bryant', 'Sandal', 74, 'bsandal23@nature.com');
insert into users (id, name, surname, age, email)
values (4253, 'Ulla', 'Elegood', 43, 'uelegood24@noaa.gov');
insert into users (id, name, surname, age, email)
values (2897, 'Sloane', 'Karim', 72, 'skarim25@ox.ac.uk');
insert into users (id, name, surname, age, email)
values (8567, 'Lisle', 'Chupin', 25, 'lchupin26@toplist.cz');
insert into users (id, name, surname, age, email)
values (9649, 'Sydney', 'Ivushkin', 11, 'sivushkin27@delicious.com');
insert into users (id, name, surname, age, email)
values (6061, 'Giusto', 'Haddeston', 46, 'ghaddeston28@slate.com');
insert into users (id, name, surname, age, email)
values (9116, 'Darby', 'Bloxsum', 27, 'dbloxsum29@washingtonpost.com');
insert into users (id, name, surname, age, email)
values (1781, 'Price', 'Grzelewski', 10, 'pgrzelewski2a@alexa.com');
insert into users (id, name, surname, age, email)
values (7903, 'Gwenette', 'Pittway', 56, 'gpittway2b@tumblr.com');
insert into users (id, name, surname, age, email)
values (1597, 'Hamlen', 'Fattorini', 43, 'hfattorini2c@naver.com');
insert into users (id, name, surname, age, email)
values (8330, 'Rosanna', 'Allner', 7, 'rallner2d@jalbum.net');
insert into users (id, name, surname, age, email)
values (6740, 'Maurene', 'Patriskson', 61, 'mpatriskson2e@npr.org');
insert into users (id, name, surname, age, email)
values (7046, 'Darci', 'Palethorpe', 69, 'dpalethorpe2f@cbsnews.com');
insert into users (id, name, surname, age, email)
values (8506, 'Dulcinea', 'Chmiel', 66, 'dchmiel2g@histats.com');
insert into users (id, name, surname, age, email)
values (3082, 'Rickey', 'Count', 50, 'rcount2h@buzzfeed.com');
insert into users (id, name, surname, age, email)
values (7807, 'Jodi', 'McGruar', 26, 'jmcgruar2i@harvard.edu');
insert into users (id, name, surname, age, email)
values (4029, 'Bil', 'Cairns', 18, 'bcairns2j@angelfire.com');
insert into users (id, name, surname, age, email)
values (8140, 'Bald', 'Bow', 55, 'bbow2k@blogspot.com');
insert into users (id, name, surname, age, email)
values (3491, 'Gottfried', 'Mulqueen', 74, 'gmulqueen2l@admin.ch');
insert into users (id, name, surname, age, email)
values (4843, 'Manny', 'Gorwood', 15, 'mgorwood2m@taobao.com');
insert into users (id, name, surname, age, email)
values (7130, 'Chev', 'Abramchik', 28, 'cabramchik2n@hhs.gov');
insert into users (id, name, surname, age, email)
values (2374, 'Jaymee', 'Norree', 47, 'jnorree2o@printfriendly.com');
insert into users (id, name, surname, age, email)
values (1738, 'Randall', 'Gawthrop', 63, 'rgawthrop2p@people.com.cn');
insert into users (id, name, surname, age, email)
values (8227, 'Silvana', 'De Andreis', 35, 'sdeandreis2q@constantcontact.com');
insert into users (id, name, surname, age, email)
values (9252, 'Kaspar', 'Pinks', 70, 'kpinks2r@vimeo.com');

--Seats
insert into seats(number, hall, type)
select generate_series(1, capacity),
       number,
       'normal'
from halls;

-- Projections
insert into projections (start_time, movie_name, hall, projection_id)
values ('10/30/2022', 'Transcendent Man', 2, 1);
insert into projections (start_time, movie_name, hall, projection_id)
values ('7/19/2022', 'Paris Belongs to Us (Paris nous appartient)', 15, 2);
insert into projections (start_time, movie_name, hall, projection_id)
values ('7/19/2022', 'Wavelength', 11, 3);
insert into projections (start_time, movie_name, hall, projection_id)
values ('4/8/2022', 'Last Time I Saw Paris, The', 7, 4);
insert into projections (start_time, movie_name, hall, projection_id)
values ('8/18/2022', 'Mirror, The (Ayneh)', 7, 5);
insert into projections (start_time, movie_name, hall, projection_id)
values ('1/16/2022', 'On the Job', 3, 6);
insert into projections (start_time, movie_name, hall, projection_id)
values ('7/20/2022', 'Flu Bird', 3, 7);
insert into projections (start_time, movie_name, hall, projection_id)
values ('7/8/2022', 'Thing, The', 11, 8);
insert into projections (start_time, movie_name, hall, projection_id)
values ('4/20/2022', 'Nils Karlsson Pyssling', 5, 9);
insert into projections (start_time, movie_name, hall, projection_id)
values ('1/12/2022', 'Berlin Alexanderplatz', 3, 10);
insert into projections (start_time, movie_name, hall, projection_id)
values ('10/1/2022', 'Last Time I Saw Paris, The', 13, 11);
insert into projections (start_time, movie_name, hall, projection_id)
values ('6/23/2022', 'Sex and Death 101', 12, 12);
insert into projections (start_time, movie_name, hall, projection_id)
values ('2/21/2022', 'Dry Summer (Susuz yaz) (Reflections)', 6, 13);
insert into projections (start_time, movie_name, hall, projection_id)
values ('10/10/2022', 'Campaign, The', 11, 14);
insert into projections (start_time, movie_name, hall, projection_id)
values ('3/25/2022', 'Penitentiary', 13, 15);
insert into projections (start_time, movie_name, hall, projection_id)
values ('10/24/2022', 'I Origins', 14, 16);
insert into projections (start_time, movie_name, hall, projection_id)
values ('7/10/2022', 'Zombie Girl: The Movie', 5, 17);
insert into projections (start_time, movie_name, hall, projection_id)
values ('1/8/2022', 'Sex and Death 101', 1, 18);
insert into projections (start_time, movie_name, hall, projection_id)
values ('6/27/2022', 'Swan Princess: The Mystery of the Enchanted Treasure, The', 11, 19);
insert into projections (start_time, movie_name, hall, projection_id)
values ('4/18/2022', 'Tell It to the Marines', 3, 20);
insert into projections (start_time, movie_name, hall, projection_id)
values ('8/25/2022', 'Mirror, The (Ayneh)', 1, 21);
insert into projections (start_time, movie_name, hall, projection_id)
values ('8/22/2022', 'Thing, The', 10, 22);
insert into projections (start_time, movie_name, hall, projection_id)
values ('10/26/2022', 'David Cross: Bigger & Blackerer', 1, 23);
insert into projections (start_time, movie_name, hall, projection_id)
values ('9/18/2022', 'On the Beach', 9, 24);
insert into projections (start_time, movie_name, hall, projection_id)
values ('12/23/2022', 'San Pietro', 14, 25);
insert into projections (start_time, movie_name, hall, projection_id)
values ('3/14/2022', 'San Pietro', 14, 26);
insert into projections (start_time, movie_name, hall, projection_id)
values ('10/31/2022', 'Born in East L.A.', 12, 27);
insert into projections (start_time, movie_name, hall, projection_id)
values ('11/25/2022', 'Three Came Home', 12, 28);
insert into projections (start_time, movie_name, hall, projection_id)
values ('10/1/2022', 'Paris Belongs to Us (Paris nous appartient)', 7, 29);
insert into projections (start_time, movie_name, hall, projection_id)
values ('5/12/2022', 'Bright Victory', 5, 30);
insert into projections (start_time, movie_name, hall, projection_id)
values ('2/27/2022', 'San Pietro', 8, 31);
insert into projections (start_time, movie_name, hall, projection_id)
values ('6/15/2022', 'Ricky Rapper and the Bicycle Thief (Risto Räppääjä ja polkupyörävaras)', 6, 32);
insert into projections (start_time, movie_name, hall, projection_id)
values ('9/27/2022', 'Faces of Death 6', 10, 33);
insert into projections (start_time, movie_name, hall, projection_id)
values ('1/31/2022', 'Bad Girl', 12, 34);
insert into projections (start_time, movie_name, hall, projection_id)
values ('12/12/2022', 'Expired', 6, 35);
insert into projections (start_time, movie_name, hall, projection_id)
values ('8/28/2022', 'Drunks', 9, 36);
insert into projections (start_time, movie_name, hall, projection_id)
values ('10/4/2022', 'Studentfesten', 9, 37);
insert into projections (start_time, movie_name, hall, projection_id)
values ('12/26/2021', 'Messengers, The', 6, 38);
insert into projections (start_time, movie_name, hall, projection_id)
values ('8/10/2022', 'Asthenic Syndrome, The (Astenicheskiy sindrom)', 12, 39);
insert into projections (start_time, movie_name, hall, projection_id)
values ('7/11/2022', 'Cyrus', 6, 40);
insert into projections (start_time, movie_name, hall, projection_id)
values ('9/13/2022', 'On the Road to Emmaus (Emmauksen tiellä)', 10, 41);
insert into projections (start_time, movie_name, hall, projection_id)
values ('11/11/2022', 'Tell It to the Marines', 12, 42);
insert into projections (start_time, movie_name, hall, projection_id)
values ('2/20/2022', 'Flu Bird', 14, 43);
insert into projections (start_time, movie_name, hall, projection_id)
values ('1/21/2022', 'Metallica: Through the Never', 9, 44);
insert into projections (start_time, movie_name, hall, projection_id)
values ('1/18/2022', 'Studentfesten', 7, 45);
insert into projections (start_time, movie_name, hall, projection_id)
values ('10/11/2022', 'Mill and the Cross, The', 3, 46);
insert into projections (start_time, movie_name, hall, projection_id)
values ('8/9/2022', 'Fortress', 7, 47);
insert into projections (start_time, movie_name, hall, projection_id)
values ('5/29/2022', 'Tell It to the Marines', 1, 48);
insert into projections (start_time, movie_name, hall, projection_id)
values ('1/25/2022', 'Three Came Home', 15, 49);
insert into projections (start_time, movie_name, hall, projection_id)
values ('8/10/2022', 'Born in East L.A.', 8, 50);
insert into projections (start_time, movie_name, hall, projection_id)
values ('4/23/2022', 'On the Road to Emmaus (Emmauksen tiellä)', 10, 51);
insert into projections (start_time, movie_name, hall, projection_id)
values ('3/15/2022', 'Born in East L.A.', 9, 52);
insert into projections (start_time, movie_name, hall, projection_id)
values ('4/22/2022', 'Dry Summer (Susuz yaz) (Reflections)', 7, 53);
insert into projections (start_time, movie_name, hall, projection_id)
values ('12/29/2022', 'Truth or Consequences, N.M.', 15, 54);
insert into projections (start_time, movie_name, hall, projection_id)
values ('6/3/2022', 'China 9, Liberty 37 (Amore, piombo e furore)', 15, 55);
insert into projections (start_time, movie_name, hall, projection_id)
values ('1/12/2022', 'Mill and the Cross, The', 5, 56);
insert into projections (start_time, movie_name, hall, projection_id)
values ('3/19/2022', 'Fist of Legend (Jing wu ying xiong)', 1, 57);
insert into projections (start_time, movie_name, hall, projection_id)
values ('3/6/2022', 'Faces of Death 6', 4, 58);
insert into projections (start_time, movie_name, hall, projection_id)
values ('5/7/2022', 'Sirens', 9, 59);
insert into projections (start_time, movie_name, hall, projection_id)
values ('4/11/2022', 'Lord of the Rings: The Fellowship of the Ring, The', 5, 60);
insert into projections (start_time, movie_name, hall, projection_id)
values ('11/26/2022', 'Do You Like Hitchcock? (Ti piace Hitchcock?)', 15, 61);
insert into projections (start_time, movie_name, hall, projection_id)
values ('2/18/2022', 'On the Road to Emmaus (Emmauksen tiellä)', 9, 62);
insert into projections (start_time, movie_name, hall, projection_id)
values ('4/27/2022', 'Awful Dr. Orlof, The (Gritos en la Noche)', 15, 63);
insert into projections (start_time, movie_name, hall, projection_id)
values ('4/4/2022', 'I Like It Like That', 14, 64);
insert into projections (start_time, movie_name, hall, projection_id)
values ('12/25/2021', 'Habana Blues', 15, 65);
insert into projections (start_time, movie_name, hall, projection_id)
values ('11/18/2022', 'Messengers, The', 1, 66);
insert into projections (start_time, movie_name, hall, projection_id)
values ('2/18/2022', 'Campaign, The', 15, 67);
insert into projections (start_time, movie_name, hall, projection_id)
values ('2/6/2022', 'Messengers, The', 10, 68);
insert into projections (start_time, movie_name, hall, projection_id)
values ('10/14/2022', 'Poker Club, The', 10, 69);
insert into projections (start_time, movie_name, hall, projection_id)
values ('1/12/2022', 'Adventures of Ichabod and Mr. Toad, The', 10, 70);
insert into projections (start_time, movie_name, hall, projection_id)
values ('9/8/2022', 'Mill and the Cross, The', 2, 71);
insert into projections (start_time, movie_name, hall, projection_id)
values ('11/4/2022', 'Poker Club, The', 5, 72);
insert into projections (start_time, movie_name, hall, projection_id)
values ('8/25/2022', 'Flu Bird', 7, 73);
insert into projections (start_time, movie_name, hall, projection_id)
values ('1/13/2022', 'Thing, The', 1, 74);
insert into projections (start_time, movie_name, hall, projection_id)
values ('12/24/2022', 'Ice Age 2: The Meltdown', 11, 75);
insert into projections (start_time, movie_name, hall, projection_id)
values ('10/7/2022', 'Moral Tales, Filmic Issues', 4, 76);
insert into projections (start_time, movie_name, hall, projection_id)
values ('4/20/2022', 'Silentium', 10, 77);
insert into projections (start_time, movie_name, hall, projection_id)
values ('12/7/2021', 'Yu-Gi-Oh!', 4, 78);
insert into projections (start_time, movie_name, hall, projection_id)
values ('12/6/2022', 'Female Agents (Les femmes de l''ombre)', 3, 79);
insert into projections (start_time, movie_name, hall, projection_id)
values ('3/13/2022', 'Metallica: Through the Never', 7, 80);
insert into projections (start_time, movie_name, hall, projection_id)
values ('4/28/2022', 'Nils Karlsson Pyssling', 1, 81);
insert into projections (start_time, movie_name, hall, projection_id)
values ('2/24/2022', 'Sex and Death 101', 12, 82);
insert into projections (start_time, movie_name, hall, projection_id)
values ('3/1/2022', 'Lifted', 1, 83);
insert into projections (start_time, movie_name, hall, projection_id)
values ('3/29/2022', 'Faces of Death 6', 1, 84);
insert into projections (start_time, movie_name, hall, projection_id)
values ('6/27/2022', 'Pete Kelly''s Blues', 14, 85);
insert into projections (start_time, movie_name, hall, projection_id)
values ('11/5/2022', 'Mirror, The (Ayneh)', 8, 86);
insert into projections (start_time, movie_name, hall, projection_id)
values ('10/16/2022', 'Bright Victory', 9, 87);
insert into projections (start_time, movie_name, hall, projection_id)
values ('12/18/2022', 'Mirror, The (Ayneh)', 13, 88);
insert into projections (start_time, movie_name, hall, projection_id)
values ('8/12/2022', 'Up Periscope', 13, 89);
insert into projections (start_time, movie_name, hall, projection_id)
values ('5/24/2022', 'Red Beard (Akahige)', 11, 90);
insert into projections (start_time, movie_name, hall, projection_id)
values ('6/20/2022', 'Flu Bird', 11, 91);
insert into projections (start_time, movie_name, hall, projection_id)
values ('2/3/2022', 'Sonny', 5, 92);
insert into projections (start_time, movie_name, hall, projection_id)
values ('9/13/2022', 'Do You Like Hitchcock? (Ti piace Hitchcock?)', 15, 93);
insert into projections (start_time, movie_name, hall, projection_id)
values ('4/14/2022', 'My Old Lady', 2, 94);
insert into projections (start_time, movie_name, hall, projection_id)
values ('9/13/2022', 'Breakout', 7, 95);
insert into projections (start_time, movie_name, hall, projection_id)
values ('5/26/2022', 'Aya of Yop City', 12, 96);
insert into projections (start_time, movie_name, hall, projection_id)
values ('9/18/2022', 'Silentium', 5, 97);
insert into projections (start_time, movie_name, hall, projection_id)
values ('4/20/2022', 'Ultimate Gift, The', 12, 98);
insert into projections (start_time, movie_name, hall, projection_id)
values ('9/24/2022', 'Catch-22', 11, 99);
insert into projections (start_time, movie_name, hall, projection_id)
values ('3/12/2022', 'Pete Kelly''s Blues', 1, 100);
insert into projections (start_time, movie_name, hall, projection_id)
values ('3/23/2022', 'Tell It to the Marines', 10, 101);
insert into projections (start_time, movie_name, hall, projection_id)
values ('7/21/2022', 'On the Job', 1, 102);
insert into projections (start_time, movie_name, hall, projection_id)
values ('2/7/2022', 'Disorderly Orderly, The', 8, 103);
insert into projections (start_time, movie_name, hall, projection_id)
values ('9/9/2022', 'Penitentiary', 14, 104);
insert into projections (start_time, movie_name, hall, projection_id)
values ('10/24/2022', 'Oh, Sun (Soleil O)', 2, 105);
insert into projections (start_time, movie_name, hall, projection_id)
values ('2/15/2022', 'Habana Blues', 1, 106);
insert into projections (start_time, movie_name, hall, projection_id)
values ('1/2/2022', 'Small Change (Argent de poche, L'')', 6, 107);
insert into projections (start_time, movie_name, hall, projection_id)
values ('2/23/2022', 'Truth or Consequences, N.M.', 1, 108);
insert into projections (start_time, movie_name, hall, projection_id)
values ('9/3/2022', 'Death Note', 7, 109);
insert into projections (start_time, movie_name, hall, projection_id)
values ('7/28/2022', 'The 3 Rs', 2, 110);
insert into projections (start_time, movie_name, hall, projection_id)
values ('8/29/2022', 'Ricky Rapper and the Bicycle Thief (Risto Räppääjä ja polkupyörävaras)', 5, 111);
insert into projections (start_time, movie_name, hall, projection_id)
values ('1/5/2022', 'Faces of Death 6', 10, 112);
insert into projections (start_time, movie_name, hall, projection_id)
values ('3/4/2022', 'Tell It to the Marines', 11, 113);
insert into projections (start_time, movie_name, hall, projection_id)
values ('4/27/2022', 'On the Road to Emmaus (Emmauksen tiellä)', 6, 114);
insert into projections (start_time, movie_name, hall, projection_id)
values ('10/15/2022', 'Habana Blues', 15, 115);
insert into projections (start_time, movie_name, hall, projection_id)
values ('10/5/2022', 'Sonny', 8, 116);
insert into projections (start_time, movie_name, hall, projection_id)
values ('5/5/2022', 'Pete Kelly''s Blues', 2, 117);
insert into projections (start_time, movie_name, hall, projection_id)
values ('10/28/2022', 'Zombie Girl: The Movie', 8, 118);
insert into projections (start_time, movie_name, hall, projection_id)
values ('10/17/2022', 'Troop Beverly Hills', 11, 119);
insert into projections (start_time, movie_name, hall, projection_id)
values ('6/10/2022', 'Shadows (Cienie)', 13, 120);
insert into projections (start_time, movie_name, hall, projection_id)
values ('12/6/2021', 'Last Time I Saw Paris, The', 12, 121);
insert into projections (start_time, movie_name, hall, projection_id)
values ('8/4/2022', 'Ice Age 2: The Meltdown', 15, 122);
insert into projections (start_time, movie_name, hall, projection_id)
values ('9/18/2022', 'Studentfesten', 2, 123);
insert into projections (start_time, movie_name, hall, projection_id)
values ('4/28/2022', 'I Married a Witch', 4, 124);
insert into projections (start_time, movie_name, hall, projection_id)
values ('9/6/2022', 'Adventures of Ichabod and Mr. Toad, The', 13, 125);
insert into projections (start_time, movie_name, hall, projection_id)
values ('3/10/2022', 'Shadows (Cienie)', 12, 126);
insert into projections (start_time, movie_name, hall, projection_id)
values ('7/3/2022', 'Truth or Consequences, N.M.', 12, 127);
insert into projections (start_time, movie_name, hall, projection_id)
values ('6/19/2022', 'Luck by Chance', 3, 128);
insert into projections (start_time, movie_name, hall, projection_id)
values ('10/1/2022', 'The 3 Rs', 11, 129);
insert into projections (start_time, movie_name, hall, projection_id)
values ('6/21/2022', 'Drunks', 3, 130);
insert into projections (start_time, movie_name, hall, projection_id)
values ('3/23/2022', 'I Like It Like That', 12, 131);
insert into projections (start_time, movie_name, hall, projection_id)
values ('4/16/2022', 'Studentfesten', 11, 132);
insert into projections (start_time, movie_name, hall, projection_id)
values ('9/15/2022', 'Fist of Legend (Jing wu ying xiong)', 12, 133);
insert into projections (start_time, movie_name, hall, projection_id)
values ('12/14/2022', 'Albino Alligator', 8, 134);
insert into projections (start_time, movie_name, hall, projection_id)
values ('1/14/2022', 'Berlin Alexanderplatz', 1, 135);
insert into projections (start_time, movie_name, hall, projection_id)
values ('1/30/2022', 'The 3 Rs', 7, 136);
insert into projections (start_time, movie_name, hall, projection_id)
values ('10/16/2022', 'Dry Summer (Susuz yaz) (Reflections)', 1, 137);
insert into projections (start_time, movie_name, hall, projection_id)
values ('12/3/2022', 'Ricky Rapper and the Bicycle Thief (Risto Räppääjä ja polkupyörävaras)', 3, 138);
insert into projections (start_time, movie_name, hall, projection_id)
values ('12/28/2021', 'Ricky Rapper and the Bicycle Thief (Risto Räppääjä ja polkupyörävaras)', 5, 139);
insert into projections (start_time, movie_name, hall, projection_id)
values ('11/14/2022', 'Last Time I Saw Paris, The', 8, 140);
insert into projections (start_time, movie_name, hall, projection_id)
values ('12/8/2022', 'Oh, Sun (Soleil O)', 3, 141);
insert into projections (start_time, movie_name, hall, projection_id)
values ('11/19/2022', 'Nils Karlsson Pyssling', 11, 142);
insert into projections (start_time, movie_name, hall, projection_id)
values ('12/30/2022', 'Swan Princess: The Mystery of the Enchanted Treasure, The', 11, 143);
insert into projections (start_time, movie_name, hall, projection_id)
values ('5/20/2022', 'American Addict', 4, 144);
insert into projections (start_time, movie_name, hall, projection_id)
values ('3/30/2022', 'Game 6', 10, 145);
insert into projections (start_time, movie_name, hall, projection_id)
values ('8/22/2022', 'Zombie Girl: The Movie', 1, 146);
insert into projections (start_time, movie_name, hall, projection_id)
values ('7/30/2022', 'Shadows (Cienie)', 9, 147);
insert into projections (start_time, movie_name, hall, projection_id)
values ('3/21/2022', 'Lord of the Rings: The Fellowship of the Ring, The', 15, 148);
insert into projections (start_time, movie_name, hall, projection_id)
values ('2/11/2022', 'I Origins', 6, 149);
insert into projections (start_time, movie_name, hall, projection_id)
values ('12/2/2021', 'Game 6', 13, 150);
insert into projections (start_time, movie_name, hall, projection_id)
values ('11/10/2022', 'The 3 Rs', 7, 151);
insert into projections (start_time, movie_name, hall, projection_id)
values ('6/24/2022', 'Troop Beverly Hills', 9, 152);
insert into projections (start_time, movie_name, hall, projection_id)
values ('7/8/2022', 'Fort Apache, the Bronx', 8, 153);
insert into projections (start_time, movie_name, hall, projection_id)
values ('8/8/2022', 'Small Change (Argent de poche, L'')', 9, 154);
insert into projections (start_time, movie_name, hall, projection_id)
values ('6/11/2022', 'Wavelength', 4, 155);
insert into projections (start_time, movie_name, hall, projection_id)
values ('7/25/2022', 'Court Jester, The', 14, 156);
insert into projections (start_time, movie_name, hall, projection_id)
values ('11/14/2022', 'Ice Age 2: The Meltdown', 8, 157);
insert into projections (start_time, movie_name, hall, projection_id)
values ('3/28/2022', 'Troop Beverly Hills', 11, 158);
insert into projections (start_time, movie_name, hall, projection_id)
values ('6/10/2022', 'Zombie Girl: The Movie', 8, 159);
insert into projections (start_time, movie_name, hall, projection_id)
values ('4/26/2022', 'Red Beard (Akahige)', 3, 160);
insert into projections (start_time, movie_name, hall, projection_id)
values ('1/2/2022', 'Ricky Rapper and the Bicycle Thief (Risto Räppääjä ja polkupyörävaras)', 6, 161);
insert into projections (start_time, movie_name, hall, projection_id)
values ('5/20/2022', 'Campaign, The', 2, 162);
insert into projections (start_time, movie_name, hall, projection_id)
values ('12/26/2021', 'Mount St. Elias', 10, 163);
insert into projections (start_time, movie_name, hall, projection_id)
values ('7/8/2022', 'Poker Club, The', 10, 164);
insert into projections (start_time, movie_name, hall, projection_id)
values ('9/15/2022', 'American Addict', 14, 165);
insert into projections (start_time, movie_name, hall, projection_id)
values ('2/25/2022', 'On the Job', 8, 166);
insert into projections (start_time, movie_name, hall, projection_id)
values ('12/19/2022', 'Louise Brooks: Looking for Lulu', 13, 167);
insert into projections (start_time, movie_name, hall, projection_id)
values ('1/1/2022', 'Age of Stupid, The', 10, 168);
insert into projections (start_time, movie_name, hall, projection_id)
values ('11/23/2022', 'On the Beach', 10, 169);
insert into projections (start_time, movie_name, hall, projection_id)
values ('12/11/2022', 'Tell It to the Marines', 1, 170);
insert into projections (start_time, movie_name, hall, projection_id)
values ('3/15/2022', 'I Like It Like That', 1, 171);
insert into projections (start_time, movie_name, hall, projection_id)
values ('12/21/2022', 'In Gold We Trust (600 kilos d''or pur)', 5, 172);
insert into projections (start_time, movie_name, hall, projection_id)
values ('1/22/2022', 'Up Periscope', 15, 173);
insert into projections (start_time, movie_name, hall, projection_id)
values ('4/4/2022', 'Tom and Jerry: A Nutcracker Tale', 4, 174);
insert into projections (start_time, movie_name, hall, projection_id)
values ('4/1/2022', 'Poker Club, The', 13, 175);
insert into projections (start_time, movie_name, hall, projection_id)
values ('5/12/2022', 'Dry Summer (Susuz yaz) (Reflections)', 14, 176);
insert into projections (start_time, movie_name, hall, projection_id)
values ('9/14/2022', 'Faces of Death 6', 10, 177);
insert into projections (start_time, movie_name, hall, projection_id)
values ('4/5/2022', 'Transcendent Man', 2, 178);
insert into projections (start_time, movie_name, hall, projection_id)
values ('2/10/2022', 'Bad Girl', 13, 179);
insert into projections (start_time, movie_name, hall, projection_id)
values ('10/12/2022', 'San Pietro', 4, 180);
insert into projections (start_time, movie_name, hall, projection_id)
values ('10/5/2022', 'Troop Beverly Hills', 11, 181);
insert into projections (start_time, movie_name, hall, projection_id)
values ('11/21/2022', 'My Son the Fanatic', 4, 182);
insert into projections (start_time, movie_name, hall, projection_id)
values ('2/26/2022', 'Expired', 4, 183);
insert into projections (start_time, movie_name, hall, projection_id)
values ('8/20/2022', 'Dry Summer (Susuz yaz) (Reflections)', 1, 184);
insert into projections (start_time, movie_name, hall, projection_id)
values ('10/16/2022', 'Do You Like Hitchcock? (Ti piace Hitchcock?)', 14, 185);
insert into projections (start_time, movie_name, hall, projection_id)
values ('3/18/2022', 'I Like It Like That', 3, 186);
insert into projections (start_time, movie_name, hall, projection_id)
values ('3/10/2022', 'Nils Karlsson Pyssling', 2, 187);
insert into projections (start_time, movie_name, hall, projection_id)
values ('6/22/2022', 'Ricky Rapper and the Bicycle Thief (Risto Räppääjä ja polkupyörävaras)', 2, 188);
insert into projections (start_time, movie_name, hall, projection_id)
values ('12/7/2021', 'Cyrus', 5, 189);
insert into projections (start_time, movie_name, hall, projection_id)
values ('1/3/2022', 'Zombie Girl: The Movie', 13, 190);
insert into projections (start_time, movie_name, hall, projection_id)
values ('12/2/2022', 'On the Beach', 10, 191);
insert into projections (start_time, movie_name, hall, projection_id)
values ('11/17/2022', 'Mirror, The (Ayneh)', 6, 192);
insert into projections (start_time, movie_name, hall, projection_id)
values ('8/4/2022', 'Lord of the Rings: The Fellowship of the Ring, The', 4, 193);
insert into projections (start_time, movie_name, hall, projection_id)
values ('12/17/2021', 'Four Brothers', 2, 194);
insert into projections (start_time, movie_name, hall, projection_id)
values ('1/26/2022', 'Court Jester, The', 14, 195);
insert into projections (start_time, movie_name, hall, projection_id)
values ('2/15/2022', 'Penitentiary', 2, 196);
insert into projections (start_time, movie_name, hall, projection_id)
values ('12/8/2022', 'Thing, The', 9, 197);
insert into projections (start_time, movie_name, hall, projection_id)
values ('9/8/2022', 'Truth or Consequences, N.M.', 7, 198);
insert into projections (start_time, movie_name, hall, projection_id)
values ('2/9/2022', 'Cyrus', 8, 199);
insert into projections (start_time, movie_name, hall, projection_id)
values ('8/8/2022', 'Ultimate Gift, The', 1, 200);
insert into projections (start_time, movie_name, hall, projection_id)
values ('5/30/2022', 'Lord of the Rings: The Fellowship of the Ring, The', 8, 201);
insert into projections (start_time, movie_name, hall, projection_id)
values ('8/6/2022', 'Alamo, The', 7, 202);
insert into projections (start_time, movie_name, hall, projection_id)
values ('9/18/2022', 'Shadows (Cienie)', 11, 203);
insert into projections (start_time, movie_name, hall, projection_id)
values ('4/29/2022', 'Tom and Jerry: A Nutcracker Tale', 5, 204);
insert into projections (start_time, movie_name, hall, projection_id)
values ('11/13/2022', 'Fort Apache, the Bronx', 14, 205);
insert into projections (start_time, movie_name, hall, projection_id)
values ('2/15/2022', 'My Old Lady', 4, 206);
insert into projections (start_time, movie_name, hall, projection_id)
values ('12/8/2021', 'Santa Clause 3: The Escape Clause, The', 1, 207);
insert into projections (start_time, movie_name, hall, projection_id)
values ('8/26/2022', 'Louise Brooks: Looking for Lulu', 1, 208);
insert into projections (start_time, movie_name, hall, projection_id)
values ('1/12/2022', 'Messengers, The', 7, 209);
insert into projections (start_time, movie_name, hall, projection_id)
values ('11/8/2022', 'Wavelength', 11, 210);
insert into projections (start_time, movie_name, hall, projection_id)
values ('12/27/2022', 'Triumph of the Spirit', 7, 211);
insert into projections (start_time, movie_name, hall, projection_id)
values ('2/16/2022', 'Zombie Girl: The Movie', 1, 212);
insert into projections (start_time, movie_name, hall, projection_id)
values ('8/17/2022', 'Flu Bird', 6, 213);
insert into projections (start_time, movie_name, hall, projection_id)
values ('1/15/2022', 'Ice Age 2: The Meltdown', 5, 214);
insert into projections (start_time, movie_name, hall, projection_id)
values ('1/16/2022', 'Fist of Legend (Jing wu ying xiong)', 14, 215);
insert into projections (start_time, movie_name, hall, projection_id)
values ('1/14/2022', 'That''s Life', 10, 216);
insert into projections (start_time, movie_name, hall, projection_id)
values ('12/26/2021', 'American Addict', 6, 217);
insert into projections (start_time, movie_name, hall, projection_id)
values ('7/1/2022', 'Lord of the Rings: The Fellowship of the Ring, The', 10, 218);
insert into projections (start_time, movie_name, hall, projection_id)
values ('2/5/2022', 'I Origins', 14, 219);
insert into projections (start_time, movie_name, hall, projection_id)
values ('3/10/2022', 'In Gold We Trust (600 kilos d''or pur)', 6, 220);
insert into projections (start_time, movie_name, hall, projection_id)
values ('9/20/2022', 'Drunks', 12, 221);
insert into projections (start_time, movie_name, hall, projection_id)
values ('4/10/2022', 'Small Change (Argent de poche, L'')', 5, 222);
insert into projections (start_time, movie_name, hall, projection_id)
values ('11/5/2022', 'Mill and the Cross, The', 3, 223);
insert into projections (start_time, movie_name, hall, projection_id)
values ('2/26/2022', 'That''s Life', 9, 224);
insert into projections (start_time, movie_name, hall, projection_id)
values ('12/29/2021', 'Dry Summer (Susuz yaz) (Reflections)', 10, 225);
insert into projections (start_time, movie_name, hall, projection_id)
values ('12/26/2022', 'Since You Went Away', 15, 226);
insert into projections (start_time, movie_name, hall, projection_id)
values ('10/16/2022', 'Lord of the Rings: The Fellowship of the Ring, The', 5, 227);
insert into projections (start_time, movie_name, hall, projection_id)
values ('6/8/2022', 'Born in East L.A.', 8, 228);
insert into projections (start_time, movie_name, hall, projection_id)
values ('7/11/2022', 'Penitentiary', 3, 229);
insert into projections (start_time, movie_name, hall, projection_id)
values ('6/18/2022', 'Silentium', 13, 230);
insert into projections (start_time, movie_name, hall, projection_id)
values ('8/9/2022', 'Game 6', 12, 231);
insert into projections (start_time, movie_name, hall, projection_id)
values ('3/12/2022', 'Born in East L.A.', 6, 232);
insert into projections (start_time, movie_name, hall, projection_id)
values ('4/1/2022', 'Metallica: Through the Never', 2, 233);
insert into projections (start_time, movie_name, hall, projection_id)
values ('7/26/2022', 'Cyrus', 12, 234);
insert into projections (start_time, movie_name, hall, projection_id)
values ('4/27/2022', 'On the Road to Emmaus (Emmauksen tiellä)', 8, 235);
insert into projections (start_time, movie_name, hall, projection_id)
values ('12/19/2021', 'Paris Belongs to Us (Paris nous appartient)', 9, 236);
insert into projections (start_time, movie_name, hall, projection_id)
values ('12/12/2022', 'Flu Bird', 6, 237);
insert into projections (start_time, movie_name, hall, projection_id)
values ('5/26/2022', 'Last Time I Saw Paris, The', 15, 238);
insert into projections (start_time, movie_name, hall, projection_id)
values ('11/4/2022', 'Lifted', 9, 239);
insert into projections (start_time, movie_name, hall, projection_id)
values ('9/27/2022', 'Metallica: Through the Never', 5, 240);
insert into projections (start_time, movie_name, hall, projection_id)
values ('4/9/2022', 'On the Job', 1, 241);
insert into projections (start_time, movie_name, hall, projection_id)
values ('10/27/2022', 'Truth or Consequences, N.M.', 7, 242);
insert into projections (start_time, movie_name, hall, projection_id)
values ('11/8/2022', 'Swan Princess: The Mystery of the Enchanted Treasure, The', 10, 243);
insert into projections (start_time, movie_name, hall, projection_id)
values ('10/18/2022', 'Silentium', 9, 244);
insert into projections (start_time, movie_name, hall, projection_id)
values ('7/25/2022', 'Ultimate Gift, The', 15, 245);
insert into projections (start_time, movie_name, hall, projection_id)
values ('1/28/2022', 'Luck by Chance', 13, 246);
insert into projections (start_time, movie_name, hall, projection_id)
values ('1/23/2022', 'Troop Beverly Hills', 14, 247);
insert into projections (start_time, movie_name, hall, projection_id)
values ('1/26/2022', 'Fist of Legend (Jing wu ying xiong)', 6, 248);
insert into projections (start_time, movie_name, hall, projection_id)
values ('1/2/2022', 'Transcendent Man', 11, 249);
insert into projections (start_time, movie_name, hall, projection_id)
values ('12/21/2021', 'Messengers, The', 3, 250);
insert into projections (start_time, movie_name, hall, projection_id)
values ('4/7/2022', 'Female Agents (Les femmes de l''ombre)', 13, 251);
insert into projections (start_time, movie_name, hall, projection_id)
values ('12/8/2022', 'Fort Apache, the Bronx', 2, 252);
insert into projections (start_time, movie_name, hall, projection_id)
values ('6/27/2022', 'Lord of the Rings: The Fellowship of the Ring, The', 13, 253);
insert into projections (start_time, movie_name, hall, projection_id)
values ('4/8/2022', 'Four Brothers', 6, 254);
insert into projections (start_time, movie_name, hall, projection_id)
values ('7/22/2022', 'Delicacy (La délicatesse)', 15, 255);
insert into projections (start_time, movie_name, hall, projection_id)
values ('12/16/2021', 'Mill and the Cross, The', 1, 256);
insert into projections (start_time, movie_name, hall, projection_id)
values ('12/31/2021', 'Antonio das Mortes (O Dragão da Maldade contra o Santo Guerreiro)', 8, 257);
insert into projections (start_time, movie_name, hall, projection_id)
values ('12/12/2021', 'Breakout', 3, 258);
insert into projections (start_time, movie_name, hall, projection_id)
values ('1/29/2022', 'Romance', 12, 259);
insert into projections (start_time, movie_name, hall, projection_id)
values ('12/22/2022', 'Uwasa No Onna (The Woman in the Rumor) (Her Mother''s Profession)', 7, 260);
insert into projections (start_time, movie_name, hall, projection_id)
values ('1/17/2022', 'David Cross: Bigger & Blackerer', 4, 261);
insert into projections (start_time, movie_name, hall, projection_id)
values ('9/11/2022', 'On the Job', 4, 262);
insert into projections (start_time, movie_name, hall, projection_id)
values ('7/2/2022', 'Catch-22', 2, 263);
insert into projections (start_time, movie_name, hall, projection_id)
values ('8/2/2022', 'In Gold We Trust (600 kilos d''or pur)', 4, 264);
insert into projections (start_time, movie_name, hall, projection_id)
values ('2/6/2022', 'Oh, Sun (Soleil O)', 15, 265);
insert into projections (start_time, movie_name, hall, projection_id)
values ('1/6/2022', 'American Addict', 2, 266);
insert into projections (start_time, movie_name, hall, projection_id)
values ('11/10/2022', 'Bright Victory', 6, 267);
insert into projections (start_time, movie_name, hall, projection_id)
values ('9/15/2022', 'Dry Summer (Susuz yaz) (Reflections)', 12, 268);
insert into projections (start_time, movie_name, hall, projection_id)
values ('6/10/2022', 'Red Beard (Akahige)', 8, 269);
insert into projections (start_time, movie_name, hall, projection_id)
values ('7/15/2022', 'I Origins', 7, 270);
insert into projections (start_time, movie_name, hall, projection_id)
values ('8/11/2022', 'Last Summer of La Boyita, The (El último verano de la Boyita)', 1, 271);
insert into projections (start_time, movie_name, hall, projection_id)
values ('1/17/2022', 'Japanese Summer: Double Suicide (Muri shinjû: Nihon no natsu)', 15, 272);
insert into projections (start_time, movie_name, hall, projection_id)
values ('2/23/2022', 'Expired', 4, 273);
insert into projections (start_time, movie_name, hall, projection_id)
values ('10/26/2022', 'Mirror, The (Ayneh)', 8, 274);
insert into projections (start_time, movie_name, hall, projection_id)
values ('4/14/2022', 'I Married a Witch', 4, 275);
insert into projections (start_time, movie_name, hall, projection_id)
values ('2/9/2022', 'Ultimate Gift, The', 1, 276);
insert into projections (start_time, movie_name, hall, projection_id)
values ('12/18/2022', 'Awful Dr. Orlof, The (Gritos en la Noche)', 13, 277);
insert into projections (start_time, movie_name, hall, projection_id)
values ('12/18/2021', 'Asthenic Syndrome, The (Astenicheskiy sindrom)', 14, 278);
insert into projections (start_time, movie_name, hall, projection_id)
values ('6/18/2022', 'Truth or Consequences, N.M.', 8, 279);
insert into projections (start_time, movie_name, hall, projection_id)
values ('11/20/2022', 'Sex and Death 101', 11, 280);
insert into projections (start_time, movie_name, hall, projection_id)
values ('6/17/2022', 'Mill and the Cross, The', 11, 281);
insert into projections (start_time, movie_name, hall, projection_id)
values ('9/29/2022', 'Four Brothers', 9, 282);
insert into projections (start_time, movie_name, hall, projection_id)
values ('8/29/2022', 'Drunks', 11, 283);
insert into projections (start_time, movie_name, hall, projection_id)
values ('4/17/2022', 'My Son the Fanatic', 5, 284);
insert into projections (start_time, movie_name, hall, projection_id)
values ('2/11/2022', 'Yu-Gi-Oh!', 12, 285);
insert into projections (start_time, movie_name, hall, projection_id)
values ('9/4/2022', 'Tell It to the Marines', 3, 286);
insert into projections (start_time, movie_name, hall, projection_id)
values ('1/12/2022', 'Game 6', 1, 287);
insert into projections (start_time, movie_name, hall, projection_id)
values ('12/16/2021', 'The 3 Rs', 7, 288);
insert into projections (start_time, movie_name, hall, projection_id)
values ('12/3/2021', 'Silentium', 14, 289);
insert into projections (start_time, movie_name, hall, projection_id)
values ('1/28/2022', 'On the Beach', 2, 290);
insert into projections (start_time, movie_name, hall, projection_id)
values ('12/3/2022', 'Fortress', 10, 291);
insert into projections (start_time, movie_name, hall, projection_id)
values ('7/24/2022', 'Four Brothers', 13, 292);
insert into projections (start_time, movie_name, hall, projection_id)
values ('6/1/2022', 'Tom and Jerry: A Nutcracker Tale', 11, 293);
insert into projections (start_time, movie_name, hall, projection_id)
values ('6/29/2022', 'Court Jester, The', 2, 294);
insert into projections (start_time, movie_name, hall, projection_id)
values ('4/5/2022', 'Flu Bird', 3, 295);
insert into projections (start_time, movie_name, hall, projection_id)
values ('3/11/2022', 'Last Time I Saw Paris, The', 13, 296);
insert into projections (start_time, movie_name, hall, projection_id)
values ('6/28/2022', 'Mirror, The (Ayneh)', 8, 297);
insert into projections (start_time, movie_name, hall, projection_id)
values ('3/8/2022', 'Red Beard (Akahige)', 15, 298);
insert into projections (start_time, movie_name, hall, projection_id)
values ('6/16/2022', 'Lifted', 9, 299);
insert into projections (start_time, movie_name, hall, projection_id)
values ('2/17/2022', 'Yu-Gi-Oh!', 4, 300);
insert into projections (start_time, movie_name, hall, projection_id)
values ('4/10/2022', 'Catch-22', 1, 301);
insert into projections (start_time, movie_name, hall, projection_id)
values ('3/29/2022', 'Court Jester, The', 12, 302);
insert into projections (start_time, movie_name, hall, projection_id)
values ('9/8/2022', 'Fort Apache, the Bronx', 1, 303);
insert into projections (start_time, movie_name, hall, projection_id)
values ('11/21/2022', 'Game 6', 12, 304);
insert into projections (start_time, movie_name, hall, projection_id)
values ('8/19/2022', 'Lifted', 4, 305);
insert into projections (start_time, movie_name, hall, projection_id)
values ('2/11/2022', 'Catch-22', 5, 306);
insert into projections (start_time, movie_name, hall, projection_id)
values ('2/16/2022', 'David Cross: Bigger & Blackerer', 4, 307);
insert into projections (start_time, movie_name, hall, projection_id)
values ('1/27/2022', 'Louise Brooks: Looking for Lulu', 15, 308);
insert into projections (start_time, movie_name, hall, projection_id)
values ('8/17/2022', 'Thing, The', 15, 309);
insert into projections (start_time, movie_name, hall, projection_id)
values ('5/9/2022', 'Fortress', 10, 310);
insert into projections (start_time, movie_name, hall, projection_id)
values ('12/22/2021', 'Luck by Chance', 11, 311);
insert into projections (start_time, movie_name, hall, projection_id)
values ('3/24/2022', 'Ice Age 2: The Meltdown', 2, 312);
insert into projections (start_time, movie_name, hall, projection_id)
values ('12/22/2022', 'Alamo, The', 3, 313);
insert into projections (start_time, movie_name, hall, projection_id)
values ('8/7/2022', 'In Gold We Trust (600 kilos d''or pur)', 13, 314);
insert into projections (start_time, movie_name, hall, projection_id)
values ('3/4/2022', 'Born in East L.A.', 3, 315);
insert into projections (start_time, movie_name, hall, projection_id)
values ('1/30/2022', 'My Son the Fanatic', 12, 316);
insert into projections (start_time, movie_name, hall, projection_id)
values ('5/23/2022', 'Ricky Rapper and the Bicycle Thief (Risto Räppääjä ja polkupyörävaras)', 9, 317);
insert into projections (start_time, movie_name, hall, projection_id)
values ('7/26/2022', 'Aya of Yop City', 14, 318);
insert into projections (start_time, movie_name, hall, projection_id)
values ('11/13/2022', 'Do You Like Hitchcock? (Ti piace Hitchcock?)', 2, 319);
insert into projections (start_time, movie_name, hall, projection_id)
values ('7/5/2022', 'Ricky Rapper and the Bicycle Thief (Risto Räppääjä ja polkupyörävaras)', 5, 320);
insert into projections (start_time, movie_name, hall, projection_id)
values ('2/6/2022', 'Sirens', 1, 321);
insert into projections (start_time, movie_name, hall, projection_id)
values ('3/5/2022', 'Penitentiary', 11, 322);
insert into projections (start_time, movie_name, hall, projection_id)
values ('10/4/2022', 'On the Beach', 12, 323);
insert into projections (start_time, movie_name, hall, projection_id)
values ('12/7/2021', 'Messengers, The', 1, 324);
insert into projections (start_time, movie_name, hall, projection_id)
values ('6/3/2022', 'Oh, Sun (Soleil O)', 2, 325);
insert into projections (start_time, movie_name, hall, projection_id)
values ('9/24/2022', 'Bad Girl', 12, 326);
insert into projections (start_time, movie_name, hall, projection_id)
values ('4/14/2022', 'Japanese Summer: Double Suicide (Muri shinjû: Nihon no natsu)', 15, 327);
insert into projections (start_time, movie_name, hall, projection_id)
values ('10/21/2022', 'Delicacy (La délicatesse)', 5, 328);
insert into projections (start_time, movie_name, hall, projection_id)
values ('4/24/2022', 'Aya of Yop City', 4, 329);
insert into projections (start_time, movie_name, hall, projection_id)
values ('7/26/2022', 'Cyrus', 8, 330);
insert into projections (start_time, movie_name, hall, projection_id)
values ('12/15/2021', 'Zombie Girl: The Movie', 15, 331);
insert into projections (start_time, movie_name, hall, projection_id)
values ('9/4/2022', 'David Cross: Bigger & Blackerer', 3, 332);
insert into projections (start_time, movie_name, hall, projection_id)
values ('12/21/2021', 'Swan Princess: The Mystery of the Enchanted Treasure, The', 13, 333);
insert into projections (start_time, movie_name, hall, projection_id)
values ('12/9/2022', 'Last Time I Saw Paris, The', 12, 334);
insert into projections (start_time, movie_name, hall, projection_id)
values ('1/23/2022', 'Mirror, The (Ayneh)', 11, 335);
insert into projections (start_time, movie_name, hall, projection_id)
values ('9/2/2022', 'Cashback', 7, 336);
insert into projections (start_time, movie_name, hall, projection_id)
values ('10/2/2022', 'Last Time I Saw Paris, The', 3, 337);
insert into projections (start_time, movie_name, hall, projection_id)
values ('4/18/2022', 'Catch-22', 12, 338);
insert into projections (start_time, movie_name, hall, projection_id)
values ('5/5/2022', 'Faces of Death 6', 14, 339);
insert into projections (start_time, movie_name, hall, projection_id)
values ('2/25/2022', 'Romance', 11, 340);
insert into projections (start_time, movie_name, hall, projection_id)
values ('3/6/2022', 'Goodbye, Mr. Chips', 11, 341);
insert into projections (start_time, movie_name, hall, projection_id)
values ('8/18/2022', 'In Gold We Trust (600 kilos d''or pur)', 8, 342);
insert into projections (start_time, movie_name, hall, projection_id)
values ('10/9/2022', 'Aya of Yop City', 5, 343);
insert into projections (start_time, movie_name, hall, projection_id)
values ('7/24/2022', 'Mirror, The (Ayneh)', 14, 344);
insert into projections (start_time, movie_name, hall, projection_id)
values ('3/1/2022', 'Triumph of the Spirit', 9, 345);
insert into projections (start_time, movie_name, hall, projection_id)
values ('9/3/2022', 'Truth or Consequences, N.M.', 7, 346);
insert into projections (start_time, movie_name, hall, projection_id)
values ('10/8/2022', 'Last Time I Saw Paris, The', 10, 347);
insert into projections (start_time, movie_name, hall, projection_id)
values ('6/15/2022', 'Swan Princess: The Mystery of the Enchanted Treasure, The', 7, 348);
insert into projections (start_time, movie_name, hall, projection_id)
values ('6/27/2022', 'Cyrus', 2, 349);
insert into projections (start_time, movie_name, hall, projection_id)
values ('1/3/2022', 'Wavelength', 1, 350);
insert into projections (start_time, movie_name, hall, projection_id)
values ('6/5/2022', 'Shadows (Cienie)', 10, 351);
insert into projections (start_time, movie_name, hall, projection_id)
values ('12/30/2021', 'I Married a Witch', 6, 352);
insert into projections (start_time, movie_name, hall, projection_id)
values ('12/24/2021', 'Flu Bird', 5, 353);
insert into projections (start_time, movie_name, hall, projection_id)
values ('3/17/2022', 'Cyrus', 10, 354);
insert into projections (start_time, movie_name, hall, projection_id)
values ('10/2/2022', 'Uwasa No Onna (The Woman in the Rumor) (Her Mother''s Profession)', 11, 355);
insert into projections (start_time, movie_name, hall, projection_id)
values ('7/19/2022', 'Sirens', 13, 356);
insert into projections (start_time, movie_name, hall, projection_id)
values ('1/22/2022', 'San Pietro', 11, 357);
insert into projections (start_time, movie_name, hall, projection_id)
values ('7/20/2022', 'Last Summer of La Boyita, The (El último verano de la Boyita)', 14, 358);
insert into projections (start_time, movie_name, hall, projection_id)
values ('5/21/2022', 'Sirens', 10, 359);
insert into projections (start_time, movie_name, hall, projection_id)
values ('6/30/2022', 'I Married a Witch', 11, 360);
insert into projections (start_time, movie_name, hall, projection_id)
values ('3/8/2022', 'Silentium', 7, 361);
insert into projections (start_time, movie_name, hall, projection_id)
values ('10/14/2022', 'Breakout', 5, 362);
insert into projections (start_time, movie_name, hall, projection_id)
values ('12/31/2021', 'Drunks', 5, 363);
insert into projections (start_time, movie_name, hall, projection_id)
values ('9/30/2022', 'Drunks', 4, 364);
insert into projections (start_time, movie_name, hall, projection_id)
values ('1/10/2022', 'San Pietro', 6, 365);
insert into projections (start_time, movie_name, hall, projection_id)
values ('3/25/2022', 'Moral Tales, Filmic Issues', 10, 366);
insert into projections (start_time, movie_name, hall, projection_id)
values ('12/1/2022', 'Luck by Chance', 2, 367);
insert into projections (start_time, movie_name, hall, projection_id)
values ('12/5/2021', 'Expired', 1, 368);
insert into projections (start_time, movie_name, hall, projection_id)
values ('1/29/2022', 'Mount St. Elias', 5, 369);
insert into projections (start_time, movie_name, hall, projection_id)
values ('5/7/2022', 'Flu Bird', 13, 370);
insert into projections (start_time, movie_name, hall, projection_id)
values ('12/29/2021', 'Mill and the Cross, The', 14, 371);
insert into projections (start_time, movie_name, hall, projection_id)
values ('10/26/2022', 'Santa Clause 3: The Escape Clause, The', 15, 372);
insert into projections (start_time, movie_name, hall, projection_id)
values ('4/13/2022', 'Lifted', 4, 373);
insert into projections (start_time, movie_name, hall, projection_id)
values ('2/2/2022', 'Death Note', 3, 374);
insert into projections (start_time, movie_name, hall, projection_id)
values ('11/27/2022', 'Tell It to the Marines', 2, 375);
insert into projections (start_time, movie_name, hall, projection_id)
values ('5/25/2022', 'Transcendent Man', 15, 376);
insert into projections (start_time, movie_name, hall, projection_id)
values ('6/7/2022', 'China 9, Liberty 37 (Amore, piombo e furore)', 15, 377);
insert into projections (start_time, movie_name, hall, projection_id)
values ('3/12/2022', 'Poker Club, The', 13, 378);
insert into projections (start_time, movie_name, hall, projection_id)
values ('8/16/2022', 'Lord of the Rings: The Fellowship of the Ring, The', 11, 379);
insert into projections (start_time, movie_name, hall, projection_id)
values ('5/3/2022', 'Dry Summer (Susuz yaz) (Reflections)', 6, 380);
insert into projections (start_time, movie_name, hall, projection_id)
values ('12/1/2021', 'Albino Alligator', 9, 381);
insert into projections (start_time, movie_name, hall, projection_id)
values ('6/9/2022', 'Lifted', 12, 382);
insert into projections (start_time, movie_name, hall, projection_id)
values ('8/11/2022', 'Shadows (Cienie)', 1, 383);
insert into projections (start_time, movie_name, hall, projection_id)
values ('11/19/2022', 'That''s Life', 13, 384);
insert into projections (start_time, movie_name, hall, projection_id)
values ('6/4/2022', 'Eden Is West (Eden à l''Ouest)', 7, 385);
insert into projections (start_time, movie_name, hall, projection_id)
values ('12/21/2021', 'Alamo, The', 7, 386);
insert into projections (start_time, movie_name, hall, projection_id)
values ('12/6/2022', 'Dream Wife', 15, 387);
insert into projections (start_time, movie_name, hall, projection_id)
values ('12/19/2022', 'Born in East L.A.', 4, 388);
insert into projections (start_time, movie_name, hall, projection_id)
values ('12/9/2022', 'Drunks', 13, 389);
insert into projections (start_time, movie_name, hall, projection_id)
values ('8/24/2022', 'Delicacy (La délicatesse)', 4, 390);
insert into projections (start_time, movie_name, hall, projection_id)
values ('2/19/2022', 'Oh, Sun (Soleil O)', 12, 391);
insert into projections (start_time, movie_name, hall, projection_id)
values ('10/26/2022', 'Albino Alligator', 4, 392);
insert into projections (start_time, movie_name, hall, projection_id)
values ('3/26/2022', 'I Like It Like That', 1, 393);
insert into projections (start_time, movie_name, hall, projection_id)
values ('1/17/2022', 'Pete Kelly''s Blues', 15, 394);
insert into projections (start_time, movie_name, hall, projection_id)
values ('12/13/2022', 'Aaja Nachle', 9, 395);
insert into projections (start_time, movie_name, hall, projection_id)
values ('9/9/2022', 'That''s Life', 3, 396);
insert into projections (start_time, movie_name, hall, projection_id)
values ('2/3/2022', 'Campaign, The', 3, 397);
insert into projections (start_time, movie_name, hall, projection_id)
values ('6/21/2022', 'San Pietro', 13, 398);
insert into projections (start_time, movie_name, hall, projection_id)
values ('7/25/2022', 'Last Time I Saw Paris, The', 5, 399);
insert into projections (start_time, movie_name, hall, projection_id)
values ('7/15/2022', 'Cashback', 5, 400);
insert into projections (start_time, movie_name, hall, projection_id)
values ('1/7/2022', 'Sex and Death 101', 14, 401);
insert into projections (start_time, movie_name, hall, projection_id)
values ('12/11/2021', 'Pete Kelly''s Blues', 10, 402);
insert into projections (start_time, movie_name, hall, projection_id)
values ('8/1/2022', 'Born in East L.A.', 13, 403);
insert into projections (start_time, movie_name, hall, projection_id)
values ('11/13/2022', 'Habana Blues', 5, 404);
insert into projections (start_time, movie_name, hall, projection_id)
values ('5/17/2022', 'On the Road to Emmaus (Emmauksen tiellä)', 5, 405);
insert into projections (start_time, movie_name, hall, projection_id)
values ('12/12/2021', 'Zombie Girl: The Movie', 8, 406);
insert into projections (start_time, movie_name, hall, projection_id)
values ('11/9/2022', 'Tom and Jerry: A Nutcracker Tale', 3, 407);
insert into projections (start_time, movie_name, hall, projection_id)
values ('11/13/2022', 'Troop Beverly Hills', 12, 408);
insert into projections (start_time, movie_name, hall, projection_id)
values ('8/14/2022', 'Born in East L.A.', 5, 409);
insert into projections (start_time, movie_name, hall, projection_id)
values ('1/15/2022', 'Poker Club, The', 9, 410);
insert into projections (start_time, movie_name, hall, projection_id)
values ('12/2/2022', 'Sonny', 3, 411);
insert into projections (start_time, movie_name, hall, projection_id)
values ('1/20/2022', 'Cyrus', 13, 412);
insert into projections (start_time, movie_name, hall, projection_id)
values ('5/28/2022', 'Moral Tales, Filmic Issues', 8, 413);
insert into projections (start_time, movie_name, hall, projection_id)
values ('4/4/2022', 'Louise Brooks: Looking for Lulu', 14, 414);
insert into projections (start_time, movie_name, hall, projection_id)
values ('7/14/2022', 'Sex and Death 101', 15, 415);
insert into projections (start_time, movie_name, hall, projection_id)
values ('8/14/2022', 'Santa Clause 3: The Escape Clause, The', 2, 416);
insert into projections (start_time, movie_name, hall, projection_id)
values ('10/9/2022', 'Shadows (Cienie)', 6, 417);
insert into projections (start_time, movie_name, hall, projection_id)
values ('10/28/2022', 'Catch-22', 15, 418);
insert into projections (start_time, movie_name, hall, projection_id)
values ('3/21/2022', 'Up Periscope', 11, 419);
insert into projections (start_time, movie_name, hall, projection_id)
values ('9/26/2022', 'Swan Princess: The Mystery of the Enchanted Treasure, The', 9, 420);
insert into projections (start_time, movie_name, hall, projection_id)
values ('5/26/2022', 'Age of Stupid, The', 9, 421);
insert into projections (start_time, movie_name, hall, projection_id)
values ('4/12/2022', 'Breakout', 10, 422);
insert into projections (start_time, movie_name, hall, projection_id)
values ('2/9/2022', 'Red Beard (Akahige)', 1, 423);
insert into projections (start_time, movie_name, hall, projection_id)
values ('7/28/2022', 'Small Change (Argent de poche, L'')', 13, 424);
insert into projections (start_time, movie_name, hall, projection_id)
values ('6/27/2022', 'Sirens', 10, 425);
insert into projections (start_time, movie_name, hall, projection_id)
values ('2/8/2022', 'Catch-22', 10, 426);
insert into projections (start_time, movie_name, hall, projection_id)
values ('10/27/2022', 'I Like It Like That', 13, 427);
insert into projections (start_time, movie_name, hall, projection_id)
values ('8/22/2022', 'Thing, The', 5, 428);
insert into projections (start_time, movie_name, hall, projection_id)
values ('3/14/2022', 'Delicacy (La délicatesse)', 1, 429);
insert into projections (start_time, movie_name, hall, projection_id)
values ('9/29/2022', 'Triumph of the Spirit', 11, 430);
insert into projections (start_time, movie_name, hall, projection_id)
values ('10/1/2022', 'Game 6', 3, 431);
insert into projections (start_time, movie_name, hall, projection_id)
values ('7/25/2022', 'Lifted', 9, 432);
insert into projections (start_time, movie_name, hall, projection_id)
values ('2/8/2022', 'Silentium', 3, 433);
insert into projections (start_time, movie_name, hall, projection_id)
values ('1/5/2022', 'That''s Life', 7, 434);
insert into projections (start_time, movie_name, hall, projection_id)
values ('3/27/2022', 'David Cross: Bigger & Blackerer', 3, 435);
insert into projections (start_time, movie_name, hall, projection_id)
values ('6/26/2022', 'Studentfesten', 1, 436);
insert into projections (start_time, movie_name, hall, projection_id)
values ('12/18/2021', 'Dream Wife', 11, 437);
insert into projections (start_time, movie_name, hall, projection_id)
values ('12/19/2021', 'Moral Tales, Filmic Issues', 5, 438);
insert into projections (start_time, movie_name, hall, projection_id)
values ('1/26/2022', 'I Married a Witch', 8, 439);
insert into projections (start_time, movie_name, hall, projection_id)
values ('9/15/2022', 'On the Beach', 4, 440);
insert into projections (start_time, movie_name, hall, projection_id)
values ('9/26/2022', 'Shadows (Cienie)', 6, 441);
insert into projections (start_time, movie_name, hall, projection_id)
values ('1/27/2022', 'Dream Wife', 1, 442);
insert into projections (start_time, movie_name, hall, projection_id)
values ('6/11/2022', 'Catch-22', 15, 443);
insert into projections (start_time, movie_name, hall, projection_id)
values ('9/15/2022', 'Since You Went Away', 8, 444);
insert into projections (start_time, movie_name, hall, projection_id)
values ('9/8/2022', 'Small Change (Argent de poche, L'')', 2, 445);
insert into projections (start_time, movie_name, hall, projection_id)
values ('1/31/2022', 'Penitentiary', 1, 446);
insert into projections (start_time, movie_name, hall, projection_id)
values ('2/26/2022', 'Mirror, The (Ayneh)', 1, 447);
insert into projections (start_time, movie_name, hall, projection_id)
values ('2/9/2022', 'American Addict', 8, 448);
insert into projections (start_time, movie_name, hall, projection_id)
values ('1/21/2022', 'Faces of Death 6', 10, 449);
insert into projections (start_time, movie_name, hall, projection_id)
values ('8/12/2022', 'Sex and Death 101', 13, 450);
insert into projections (start_time, movie_name, hall, projection_id)
values ('8/28/2022', 'Mill and the Cross, The', 1, 451);
insert into projections (start_time, movie_name, hall, projection_id)
values ('3/19/2022', 'Last Time I Saw Paris, The', 8, 452);
insert into projections (start_time, movie_name, hall, projection_id)
values ('11/21/2022', 'I Married a Witch', 6, 453);
insert into projections (start_time, movie_name, hall, projection_id)
values ('5/3/2022', 'Albino Alligator', 1, 454);
insert into projections (start_time, movie_name, hall, projection_id)
values ('4/3/2022', 'Catch-22', 3, 455);
insert into projections (start_time, movie_name, hall, projection_id)
values ('11/2/2022', 'Tell It to the Marines', 8, 456);
insert into projections (start_time, movie_name, hall, projection_id)
values ('6/22/2022', 'China 9, Liberty 37 (Amore, piombo e furore)', 1, 457);
insert into projections (start_time, movie_name, hall, projection_id)
values ('4/15/2022', 'Poker Club, The', 4, 458);
insert into projections (start_time, movie_name, hall, projection_id)
values ('10/22/2022', 'Tell It to the Marines', 15, 459);
insert into projections (start_time, movie_name, hall, projection_id)
values ('12/29/2022', 'Messengers, The', 12, 460);
insert into projections (start_time, movie_name, hall, projection_id)
values ('12/14/2022', 'Adventures of Ichabod and Mr. Toad, The', 1, 461);
insert into projections (start_time, movie_name, hall, projection_id)
values ('12/18/2021', 'Antonio das Mortes (O Dragão da Maldade contra o Santo Guerreiro)', 1, 462);
insert into projections (start_time, movie_name, hall, projection_id)
values ('10/25/2022', 'Awful Dr. Orlof, The (Gritos en la Noche)', 13, 463);
insert into projections (start_time, movie_name, hall, projection_id)
values ('8/1/2022', 'Santa Clause 3: The Escape Clause, The', 3, 464);
insert into projections (start_time, movie_name, hall, projection_id)
values ('3/2/2022', 'Small Change (Argent de poche, L'')', 9, 465);
insert into projections (start_time, movie_name, hall, projection_id)
values ('6/6/2022', 'I Married a Witch', 15, 466);
insert into projections (start_time, movie_name, hall, projection_id)
values ('11/25/2022', 'Campaign, The', 6, 467);
insert into projections (start_time, movie_name, hall, projection_id)
values ('1/19/2022', 'Pete Kelly''s Blues', 4, 468);
insert into projections (start_time, movie_name, hall, projection_id)
values ('2/16/2022', 'Luck by Chance', 6, 469);
insert into projections (start_time, movie_name, hall, projection_id)
values ('7/15/2022', 'Up Periscope', 6, 470);
insert into projections (start_time, movie_name, hall, projection_id)
values ('7/21/2022', 'Born in East L.A.', 1, 471);
insert into projections (start_time, movie_name, hall, projection_id)
values ('1/29/2022', 'Last Summer of La Boyita, The (El último verano de la Boyita)', 7, 472);
insert into projections (start_time, movie_name, hall, projection_id)
values ('8/17/2022', 'Zombie Girl: The Movie', 10, 473);
insert into projections (start_time, movie_name, hall, projection_id)
values ('9/5/2022', 'China 9, Liberty 37 (Amore, piombo e furore)', 6, 474);
insert into projections (start_time, movie_name, hall, projection_id)
values ('9/26/2022', 'That''s Life', 8, 475);
insert into projections (start_time, movie_name, hall, projection_id)
values ('3/7/2022', 'Mill and the Cross, The', 13, 476);
insert into projections (start_time, movie_name, hall, projection_id)
values ('10/6/2022', 'Lord of the Rings: The Fellowship of the Ring, The', 14, 477);
insert into projections (start_time, movie_name, hall, projection_id)
values ('12/29/2022', 'Japanese Summer: Double Suicide (Muri shinjû: Nihon no natsu)', 12, 478);
insert into projections (start_time, movie_name, hall, projection_id)
values ('10/5/2022', 'Lord of the Rings: The Fellowship of the Ring, The', 13, 479);
insert into projections (start_time, movie_name, hall, projection_id)
values ('5/20/2022', 'Berlin Alexanderplatz', 8, 480);
insert into projections (start_time, movie_name, hall, projection_id)
values ('12/11/2022', 'Paris Belongs to Us (Paris nous appartient)', 7, 481);
insert into projections (start_time, movie_name, hall, projection_id)
values ('9/14/2022', 'The 3 Rs', 10, 482);
insert into projections (start_time, movie_name, hall, projection_id)
values ('3/26/2022', 'The 3 Rs', 10, 483);
insert into projections (start_time, movie_name, hall, projection_id)
values ('12/14/2022', 'Studentfesten', 7, 484);
insert into projections (start_time, movie_name, hall, projection_id)
values ('5/6/2022', 'Pete Kelly''s Blues', 6, 485);
insert into projections (start_time, movie_name, hall, projection_id)
values ('7/6/2022', 'Faces of Death 6', 11, 486);
insert into projections (start_time, movie_name, hall, projection_id)
values ('3/8/2022', 'American Addict', 8, 487);
insert into projections (start_time, movie_name, hall, projection_id)
values ('10/25/2022', 'Bright Victory', 12, 488);
insert into projections (start_time, movie_name, hall, projection_id)
values ('8/22/2022', 'Cashback', 2, 489);
insert into projections (start_time, movie_name, hall, projection_id)
values ('9/21/2022', 'Small Change (Argent de poche, L'')', 11, 490);
insert into projections (start_time, movie_name, hall, projection_id)
values ('7/5/2022', 'Studentfesten', 3, 491);
insert into projections (start_time, movie_name, hall, projection_id)
values ('7/14/2022', 'Santa Clause 3: The Escape Clause, The', 10, 492);
insert into projections (start_time, movie_name, hall, projection_id)
values ('6/1/2022', 'Santa Clause 3: The Escape Clause, The', 11, 493);
insert into projections (start_time, movie_name, hall, projection_id)
values ('4/12/2022', 'Since You Went Away', 9, 494);
insert into projections (start_time, movie_name, hall, projection_id)
values ('11/25/2022', 'Court Jester, The', 9, 495);
insert into projections (start_time, movie_name, hall, projection_id)
values ('8/23/2022', 'Messengers, The', 4, 496);
insert into projections (start_time, movie_name, hall, projection_id)
values ('2/3/2022', 'Silentium', 1, 497);
insert into projections (start_time, movie_name, hall, projection_id)
values ('11/27/2022', 'Age of Stupid, The', 11, 498);
insert into projections (start_time, movie_name, hall, projection_id)
values ('12/15/2022', 'Cashback', 13, 499);
insert into projections (start_time, movie_name, hall, projection_id)
values ('3/6/2022', 'Awful Dr. Orlof, The (Gritos en la Noche)', 11, 500);

update projections
set start_time = start_time + interval '15 hours',
    end_time   = start_time + interval '17 hours';

--Projections seats
insert into projection_seats(hall, number, projection_id, is_booked, price, booking_id)
select number,
       generate_series(1, capacity),
       44,
       false,
       20,
       NULL
from halls;

insert into projection_seats(hall, number, projection_id, is_booked, price, booking_id)
select number,
       generate_series(1, capacity),
       40,
       false,
       20,
       NULL
from halls;

--Transactions
insert into transactions(amount, user_id, timestamp, payment_method)
select floor(random() * (120 - 20 + 1)) + 20,
       id,
       now(),
       'VISA'
from users;

--Bookings
insert into bookings(projection_id, user_id, status, number_of_tickets, transaction_id, time)
select
    44,
    id,
    2,
    1,
    100,
    now()
from users;
